appointment_id,patient_key,doctor_key,clinic_key,date_key,wait_minutes,consultation_minutes,fee
A00465,201,15,5,20250425,3,28,3500.0
A00270,11,19,1,20250310,2,16,2500.0
A00976,97,20,5,20250819,13,29,4500.0
A00657,255,4,4,20250609,2,10,3000.0
A00983,70,15,5,20250820,40,30,3500.0
A00477,161,18,3,20250429,44,10,5000.0
A01213,27,15,5,20251018,27,15,3500.0
A01181,14,5,5,20251011,55,33,4000.0
A00249,144,1,3,20250304,21,15,2500.0
A00729,265,14,4,20250624,74,22,4500.0
A00905,251,17,2,20250804,40,10,4000.0
A01202,130,18,3,20251017,3,22,5000.0
A01265,250,20,5,20251031,76,34,4500.0
A01363,100,15,5,20251125,10,18,3500.0
A00770,132,2,2,20250704,5,15,4500.0
A00469,238,3,3,20250426,30,13,3500.0
A00659,152,5,5,20250609,31,13,4000.0
A00851,116,17,2,20250721,104,26,4000.0
A00904,143,6,1,20250804,5,14,5000.0
A01244,13,19,1,20251027,39,31,2500.0
A00284,264,16,1,20250313,5,9,3000.0
A00118,181,13,5,20250131,46,26,2500.0
A00408,206,5,5,20250411,3,14,4000.0
A00843,52,10,2,20250719,2,29,3000.0
A00773,212,19,4,20250704,150,27,2500.0
A00051,285,15,5,20250115,67,10,3500.0
A00692,4,17,2,20250616,20,18,4000.0
A00709,132,2,2,20250619,3,25,4500.0
A00928,49,5,5,20250807,51,16,4000.0
A01283,153,10,2,20251106,3,15,3000.0
A00951,10,5,5,20250813,4,26,4000.0
A00570,50,18,3,20250520,18,25,5000.0
A00069,74,13,3,20250121,25,17,2500.0
A01226,202,3,3,20251021,6,17,3500.0
A00739,165,16,3,20250626,24,16,3000.0
A00807,86,9,4,20250711,36,28,3500.0
A00624,179,19,1,20250603,33,20,2500.0
A00117,38,15,5,20250130,34,27,3500.0
A00273,240,16,1,20250311,8,34,3000.0
A00104,132,19,1,20250129,42,26,2500.0
A01311,91,14,4,20251113,154,26,4500.0
A00922,164,17,2,20250807,132,34,4000.0
A00890,204,1,3,20250731,180,24,2500.0
A00674,55,5,5,20250611,7,24,4000.0
A01338,297,10,5,20251119,41,28,3000.0
A01460,12,17,2,20251220,43,8,4000.0
A01134,149,19,4,20250927,24,35,2500.0
A00829,277,6,1,20250717,58,16,5000.0
A00644,78,17,2,20250606,86,15,4000.0
A01412,119,18,3,20251206,37,8,5000.0
A01332,220,14,4,20251118,43,14,3500.0
A01421,278,14,4,20251208,7,33,3500.0
A00537,223,11,1,20250514,1,17,3500.0
A00022,143,2,2,20250108,3,14,4500.0
A00159,13,1,3,20250212,39,34,2500.0
A00173,89,18,3,20250214,14,15,5000.0
A00133,289,13,5,20250204,127,23,2500.0
A00252,251,6,1,20250306,86,10,5000.0
A01239,273,4,4,20251024,33,21,3000.0
A00901,297,10,2,20250802,5,25,3000.0
A01254,221,19,4,20251029,11,9,2500.0
A01445,246,16,1,20251217,27,24,3000.0
A00654,198,11,1,20250609,147,30,4000.0
A00185,138,11,1,20250219,38,27,4000.0
A00610,126,5,5,20250529,18,13,4000.0
A00568,91,8,3,20250520,5,8,4500.0
A00629,278,15,5,20250603,46,24,3500.0
A01247,47,20,5,20251027,27,33,4500.0
A00215,203,1,3,20250225,23,17,2500.0
A00336,114,8,3,20250325,46,29,4500.0
A01280,240,19,4,20251105,21,25,2500.0
A01470,75,10,2,20251224,0,35,3000.0
A00483,155,6,1,20250430,25,27,5000.0
A00743,50,11,1,20250627,38,34,4000.0
A01193,293,8,3,20251015,107,21,4500.0
A00052,254,6,1,20250116,14,28,5000.0
A01147,295,16,1,20251001,28,34,3000.0
A01519,226,9,4,20251027,21,22,3500.0
A00775,135,13,5,20250704,11,12,2500.0
A00842,14,13,5,20250718,7,16,2500.0
A01319,187,19,1,20251117,73,16,2500.0
A01377,116,11,1,20251128,25,27,4000.0
A00419,9,18,3,20250415,28,33,5000.0
A00740,122,18,3,20250626,40,13,5000.0
A00296,29,20,5,20250315,20,10,4500.0
A01502,260,7,2,20250425,28,17,2500.0
A00876,43,9,4,20250726,13,20,3500.0
A01497,221,9,4,20251231,27,32,3500.0
A00166,211,11,1,20250213,53,16,4000.0
A01148,31,13,3,20251001,1,25,3500.0
A00364,27,3,3,20250401,46,25,3500.0
A00758,136,6,1,20250702,66,13,5000.0
A00871,128,12,2,20250725,4,17,5000.0
A00575,105,9,4,20250521,6,27,3500.0
A00667,223,13,5,20250610,16,15,2500.0
A00315,169,11,1,20250320,20,14,4000.0
A00683,165,4,4,20250614,36,12,3000.0
A00649,182,2,2,20250607,104,24,4500.0
A00762,22,19,4,20250702,54,18,2500.0
A00155,285,6,1,20250211,70,16,5000.0
A01237,230,11,1,20251024,168,8,4000.0
A00586,152,18,3,20250523,6,32,5000.0
A00063,19,4,4,20250120,71,9,3000.0
A00700,236,20,5,20250616,99,15,4500.0
A00603,256,5,5,20250527,10,15,4000.0
A01411,177,3,3,20251206,5,20,3500.0
A01275,91,18,3,20251104,14,21,5000.0
A01510,232,10,2,20250728,23,17,3000.0
A00432,220,3,3,20250418,83,8,3500.0
A00319,182,2,2,20250321,27,19,4500.0
A00574,19,7,2,20250521,45,19,2500.0
A00302,144,11,1,20250318,27,16,4000.0
A01361,239,8,3,20251125,7,27,4500.0
A00128,252,9,4,20250203,21,33,3500.0
A01366,46,16,1,20251126,27,26,3000.0
A00040,41,11,1,20250113,34,15,4000.0
A00774,103,10,5,20250704,32,13,3000.0
A00395,146,15,5,20250407,66,17,3500.0
A00018,1,18,3,20250104,41,13,5000.0
A01278,97,15,5,20251104,16,14,3500.0
A00954,34,3,3,20250814,1,28,3500.0
A00440,54,1,1,20250421,5,35,2500.0
A01271,217,14,4,20251103,74,13,4500.0
A01063,297,15,5,20250908,17,11,3500.0
A01211,250,12,2,20251018,8,29,5000.0
A01379,20,2,2,20251128,13,34,4500.0
A00899,66,10,5,20250801,44,13,3000.0
A00912,175,20,5,20250805,18,29,4500.0
A00672,214,12,2,20250611,44,35,5000.0
A00527,136,5,5,20250510,127,15,4000.0
A00066,90,16,1,20250121,2,25,3000.0
A00234,255,7,2,20250301,20,28,2500.0
A01101,229,4,4,20250917,13,29,3000.0
A01110,270,14,4,20250919,15,29,4500.0
A00864,261,18,3,20250723,180,34,5000.0
A00138,291,15,5,20250205,2,24,3500.0
A01167,12,13,5,20251007,48,30,2500.0
A00214,243,12,2,20250225,31,27,5000.0
A00241,24,17,2,20250303,16,28,4000.0
A00777,83,14,4,20250705,88,19,4500.0
A00100,49,5,5,20250128,2,27,4000.0
A00506,115,6,1,20250507,81,26,5000.0
A01157,74,1,3,20251003,26,10,2500.0
A00808,256,9,4,20250711,7,23,3500.0
A00471,31,8,3,20250428,3,33,4500.0
A00515,95,9,4,20250508,10,19,3500.0
A00858,10,9,4,20250722,40,30,3500.0
A00044,20,5,5,20250113,10,30,4000.0
A01068,169,11,1,20250910,2,28,4000.0
A01406,298,13,5,20251205,13,24,2500.0
A00726,161,8,3,20250624,50,14,4500.0
A01153,223,8,3,20251002,25,35,4500.0
A00425,151,10,5,20250415,4,8,3000.0
A00756,141,1,3,20250701,10,32,2500.0
A00588,10,14,4,20250523,22,33,4500.0
A01203,279,18,3,20251017,128,32,5000.0
A01375,163,6,1,20251128,25,12,5000.0
A00517,192,14,4,20250509,6,26,4500.0
A00721,20,8,3,20250623,6,26,4500.0
A00503,154,13,5,20250506,0,21,2500.0
A01207,9,1,1,20251018,27,33,2500.0
A00888,181,7,2,20250730,18,24,2500.0
A00024,143,12,2,20250108,33,32,5000.0
A00550,59,1,1,20250516,8,16,2500.0
A01492,31,7,2,20251230,60,9,2500.0
A00161,256,13,3,20250212,21,30,2500.0
A00879,142,16,1,20250728,3,29,3000.0
A01389,102,3,3,20251202,15,30,3500.0
A00019,270,6,1,20250106,41,9,5000.0
A00723,136,18,3,20250623,30,9,5000.0
A00929,24,15,5,20250807,2,32,3500.0
A01458,213,1,1,20251219,5,14,2500.0
A01150,7,2,2,20251002,23,11,4500.0
A00007,118,7,4,20250102,74,12,2500.0
A01204,227,9,4,20251017,52,20,3500.0
A00640,18,18,3,20250605,42,30,5000.0
A00272,161,12,2,20250310,12,26,5000.0
A00194,88,3,3,20250221,29,18,3500.0
A01040,20,7,2,20250904,32,29,2500.0
A00720,174,2,2,20250623,61,14,3500.0
A01356,280,12,2,20251124,32,14,5000.0
A00981,56,5,5,20250820,0,17,4000.0
A01131,221,10,2,20250927,26,12,3000.0
A00409,198,17,2,20250412,5,29,4000.0
A00641,90,9,4,20250605,69,30,3500.0
A00793,219,5,5,20250708,16,10,4000.0
A00816,290,19,1,20250714,85,35,2500.0
A00885,210,10,2,20250729,1,32,3000.0
A00609,270,7,4,20250529,40,13,2500.0
A01070,225,16,3,20250911,160,29,3000.0
A00856,135,1,3,20250722,36,34,2500.0
A00681,108,7,2,20250614,32,31,2500.0
A01012,49,9,4,20250827,24,9,3500.0
A01177,59,20,5,20251010,0,26,4500.0
A00580,93,7,4,20250522,86,28,2500.0
A01473,203,20,5,20251224,53,34,4500.0
A00221,73,3,3,20250226,120,31,3500.0
A00932,13,1,1,20250809,8,35,2500.0
A00368,199,15,5,20250401,36,28,3500.0
A01516,196,14,4,20250922,14,13,4500.0
A00443,159,3,3,20250421,180,25,3500.0
A00407,104,16,3,20250411,79,18,3000.0
A00693,206,17,2,20250616,14,21,4000.0
A01004,221,4,1,20250826,10,12,3000.0
A01484,43,3,3,20251227,66,9,3500.0
A00098,236,18,3,20250128,39,24,5000.0
A00688,253,11,1,20250616,20,18,4000.0
A01043,267,10,5,20250904,16,12,3000.0
A00123,117,4,1,20250203,44,18,3000.0
A00766,42,17,2,20250703,10,10,4000.0
A00094,158,9,4,20250125,17,20,3500.0
A00950,64,1,3,20250813,36,18,2500.0
A00987,110,5,5,20250821,84,18,4000.0
A01031,118,5,5,20250901,156,16,4000.0
A00198,213,19,4,20250221,69,22,2500.0
A00653,171,1,1,20250609,2,9,2500.0
A01062,79,10,2,20250908,55,15,3000.0
A00135,12,17,2,20250205,102,35,4000.0
A00075,64,1,3,20250122,20,19,2500.0
A00475,286,10,5,20250428,29,30,3000.0
A01248,268,20,5,20251027,110,16,4500.0
A00461,276,9,4,20250424,2,9,3500.0
A00840,199,8,3,20250718,45,28,4500.0
A00535,224,15,5,20250513,6,32,3500.0
A01266,89,7,2,20251101,65,18,2500.0
A01386,82,20,5,20251201,0,33,4500.0
A00747,95,5,5,20250627,1,17,4000.0
A01151,79,10,2,20251002,53,12,3000.0
A01005,13,12,2,20250826,29,15,5000.0
A00332,170,15,5,20250324,19,11,3500.0
A00913,210,1,1,20250806,86,33,2500.0
A00908,7,3,3,20250805,10,25,3500.0
A00969,187,4,4,20250818,23,22,3000.0
A01087,171,6,1,20250915,8,25,5000.0
A00220,123,12,2,20250226,2,30,5000.0
A01410,25,1,3,20251206,40,29,2500.0
A00346,117,15,5,20250327,22,18,3500.0
A00177,11,4,1,20250217,63,21,3000.0
A01121,20,9,4,20250924,60,13,3500.0
A00328,219,17,2,20250324,19,14,4000.0
A00298,199,1,3,20250317,92,25,2500.0
A01288,22,20,5,20251106,165,27,4500.0
A00679,42,20,5,20250612,13,25,4500.0
A00275,24,17,2,20250311,29,13,4000.0
A00474,258,5,5,20250428,70,30,4000.0
A00481,112,15,5,20250429,21,29,3500.0
A01007,291,1,3,20250826,26,20,2500.0
A00853,224,20,5,20250721,22,19,4500.0
A00518,57,5,5,20250509,17,18,4000.0
A00780,292,6,1,20250707,58,9,5000.0
A00809,294,5,5,20250711,27,22,4000.0
A00002,265,12,2,20250101,3,35,5000.0
A00156,5,7,4,20250211,28,24,2500.0
A01118,199,13,5,20250923,115,32,2500.0
A00639,115,13,3,20250605,15,34,2500.0
A00735,130,14,4,20250625,16,14,4500.0
A01228,175,11,1,20251022,23,15,4000.0
A00114,101,7,4,20250130,18,33,2500.0
A00731,130,1,3,20250625,39,8,2500.0
A00501,73,5,5,20250506,41,16,4000.0
A00701,82,9,4,20250617,173,29,3500.0
A01397,11,15,5,20251203,43,22,3500.0
A00001,197,7,2,20250101,60,24,2500.0
A00621,205,18,3,20250602,2,15,5000.0
A00974,55,17,2,20250819,14,21,4000.0
A00502,98,5,5,20250506,14,21,4000.0
A00611,274,2,2,20250530,1,15,4500.0
A01350,223,3,3,20251121,20,31,3500.0
A00686,49,15,5,20250614,2,24,3500.0
A01327,80,13,3,20251118,18,14,2500.0
A00371,119,2,2,20250402,20,13,4500.0
A01116,48,4,1,20250923,30,24,3000.0
A01238,271,13,3,20251024,45,16,2500.0
A00827,140,14,4,20250716,40,9,4500.0
A01090,219,11,1,20250916,143,35,4000.0
A00256,64,4,1,20250307,53,23,3000.0
A01273,261,20,5,20251103,16,10,4500.0
A00137,51,13,3,20250205,24,17,2500.0
A00633,105,10,2,20250604,5,23,3000.0
A01323,277,14,4,20251117,12,25,4500.0
A00970,44,5,5,20250818,8,27,4000.0
A01402,89,1,1,20251205,21,20,2500.0
A01258,189,13,3,20251030,57,27,2500.0
A01188,259,20,5,20251014,18,22,4500.0
A01154,228,13,5,20251002,16,12,2500.0
A01241,7,9,4,20251025,60,35,3500.0
A00572,182,15,5,20250520,4,33,3500.0
A00048,175,14,4,20250114,67,19,4500.0
A01240,8,8,3,20251025,28,11,4500.0
A00599,172,12,2,20250527,4,18,5000.0
A00227,73,20,5,20250227,0,21,4500.0
A01221,32,20,5,20251020,10,29,4500.0
A00434,170,6,1,20250419,28,17,5000.0
A00722,215,13,3,20250623,12,32,2500.0
A00421,206,9,4,20250415,18,28,3500.0
A00390,125,13,5,20250405,7,26,2500.0
A01369,5,17,2,20251126,16,12,4000.0
A01471,186,9,4,20251224,12,17,3500.0
A01234,238,12,2,20251023,55,24,5000.0
A00505,134,1,1,20250507,43,14,2500.0
A00285,168,2,2,20250313,180,9,4500.0
A00042,100,18,3,20250113,42,29,5000.0
A01252,163,12,2,20251029,32,26,5000.0
A00815,25,6,1,20250714,3,26,5000.0
A00689,74,2,2,20250616,154,19,4500.0
A00297,109,12,2,20250317,8,30,5000.0
A00376,172,5,5,20250402,16,29,4000.0
A00027,5,15,5,20250109,36,8,3500.0
A01462,22,14,4,20251220,3,18,4500.0
A00317,107,18,3,20250320,55,26,5000.0
A00184,289,20,5,20250218,7,15,4500.0
A00228,102,11,1,20250228,1,27,4000.0
A00427,92,4,4,20250416,7,9,3000.0
A00318,106,2,2,20250321,55,26,4500.0
A00948,232,4,1,20250813,36,28,3000.0
A01493,158,18,3,20251230,51,17,5000.0
A00670,37,11,1,20250611,19,24,4000.0
A00323,201,2,2,20250322,50,30,4500.0
A00452,273,15,5,20250422,12,30,3500.0
A00894,274,20,5,20250731,27,23,4500.0
A01370,204,9,4,20251126,1,19,3500.0
A00036,129,10,5,20250110,17,25,3000.0
A00975,215,9,4,20250819,47,16,3500.0
A00411,9,9,4,20250412,22,30,3500.0
A00397,158,7,2,20250408,180,10,2500.0
A00717,134,3,3,20250621,43,23,3500.0
A00453,244,20,5,20250422,42,31,4500.0
A01405,159,9,4,20251205,28,16,3500.0
A00828,96,1,1,20250717,17,27,2500.0
A00287,228,18,3,20250313,39,11,5000.0
A00589,49,15,5,20250523,25,12,3500.0
A01256,259,3,3,20251030,12,14,3500.0
A00074,285,6,1,20250122,22,26,5000.0
A00442,120,17,2,20250421,19,22,4000.0
A00933,281,6,1,20250809,82,33,5000.0
A00340,191,9,4,20250326,10,14,3500.0
A00668,74,20,5,20250610,100,19,4500.0
A01233,97,8,3,20251022,38,20,4500.0
A01430,106,11,1,20251212,10,13,4000.0
A01413,181,18,3,20251206,41,27,5000.0
A00236,147,17,2,20250301,3,24,4000.0
A00867,167,19,4,20250724,12,25,2500.0
A01146,253,20,5,20250930,2,8,4500.0
A01178,114,6,1,20251011,0,31,5000.0
A00637,291,6,1,20250605,77,14,5000.0
A00057,178,14,4,20250117,8,30,4500.0
A01095,97,20,5,20250916,12,22,4500.0
A00979,35,18,3,20250820,7,12,5000.0
A01173,265,15,5,20251009,33,23,3500.0
A01025,6,20,5,20250830,21,28,4500.0
A00557,131,19,4,20250517,47,9,2500.0
A00755,64,10,2,20250701,103,13,3000.0
A01030,263,8,3,20250901,49,31,4500.0
A00561,68,1,1,20250520,106,33,2500.0
A00835,18,20,5,20250717,80,35,4500.0
A00077,270,18,3,20250122,3,31,5000.0
A00822,217,7,4,20250715,40,27,2500.0
A00559,287,3,3,20250519,20,19,3500.0
A01455,70,5,5,20251218,1,11,4000.0
A01229,207,2,2,20251022,49,8,4500.0
A00845,138,3,3,20250719,4,24,3500.0
A00312,6,5,5,20250319,89,29,4000.0
A00803,79,19,1,20250711,24,35,2500.0
A01200,96,8,3,20251017,25,20,4500.0
A01126,170,1,1,20250926,104,18,2500.0
A01027,158,12,2,20250901,40,11,5000.0
A00380,13,13,3,20250403,40,21,2500.0
A00998,106,12,2,20250825,5,28,5000.0
A01195,11,4,4,20251015,8,10,3000.0
A01035,298,10,2,20250903,11,25,3000.0
A00158,202,17,2,20250212,10,24,4000.0
A00997,223,15,5,20250823,29,21,3500.0
A00536,282,20,5,20250513,26,26,4500.0
A00718,48,1,1,20250623,10,17,2500.0
A00280,140,18,3,20250312,23,16,5000.0
A01010,267,4,1,20250827,17,33,3000.0
A01448,91,19,4,20251217,7,24,2500.0
A00966,75,10,2,20250818,13,25,3000.0
A00676,71,11,1,20250612,3,20,4000.0
A00660,289,7,2,20250610,68,29,2500.0
A00764,213,12,2,20250703,5,30,5000.0
A00652,165,15,5,20250607,0,24,3500.0
A00551,125,6,1,20250516,55,8,5000.0
A00868,297,19,4,20250724,24,11,2500.0
A00986,252,19,4,20250821,6,31,2500.0
A00510,159,8,3,20250507,6,13,4500.0
A00291,221,4,4,20250314,15,23,3000.0
A01192,223,1,3,20251015,24,31,2500.0
A00786,218,11,1,20250708,13,12,4000.0
A01316,18,18,3,20251114,56,34,5000.0
A01387,168,20,5,20251201,7,8,4500.0
A00175,285,14,4,20250214,15,13,4500.0
A00767,68,8,3,20250703,13,33,4500.0
A01142,53,12,2,20250930,58,21,5000.0
A00050,151,1,3,20250115,72,15,2500.0
A00260,52,16,3,20250307,2,34,3000.0
A01478,170,9,4,20251225,26,30,3500.0
A01066,238,15,5,20250909,5,19,3500.0
A01472,77,14,4,20251224,59,18,4500.0
A00429,35,14,4,20250416,47,22,4500.0
A00378,207,1,3,20250403,4,12,2500.0
A00596,256,3,3,20250526,30,15,3500.0
A01321,233,8,3,20251117,0,32,4500.0
A00620,54,2,2,20250602,37,12,4500.0
A00245,241,1,1,20250304,30,8,2500.0
A01003,175,20,5,20250825,13,31,4500.0
A00455,89,12,2,20250423,137,29,5000.0
A00627,263,18,3,20250603,85,12,5000.0
A01130,82,19,1,20250927,62,13,2500.0
A01515,147,15,5,20250906,52,19,3500.0
A00548,62,10,5,20250515,10,32,3000.0
A01376,86,11,1,20251128,26,31,4000.0
A01259,77,14,4,20251030,28,20,4500.0
A00264,16,1,1,20250308,89,35,2500.0
A00120,260,11,1,20250201,18,12,4000.0
A00139,181,11,1,20250206,35,18,4000.0
A00431,171,11,1,20250418,46,29,4000.0
A00682,42,12,2,20250614,6,25,5000.0
A00963,217,1,3,20250816,79,17,2500.0
A01270,17,16,3,20251103,6,12,3000.0
A00526,193,9,4,20250510,51,31,3500.0
A00367,60,5,5,20250401,8,13,4000.0
A00860,66,10,2,20250723,0,14,3000.0
A00068,95,8,3,20250121,21,9,4500.0
A00959,110,14,4,20250815,30,33,4500.0
A00779,63,5,5,20250705,1,12,4000.0
A00972,173,13,5,20250818,25,21,2500.0
A00547,280,19,4,20250515,103,21,2500.0
A01341,171,19,1,20251120,62,12,2500.0
A00920,250,2,2,20250807,2,35,4500.0
A00265,172,1,1,20250308,131,19,2500.0
A01329,286,16,3,20251118,9,16,3000.0
A01057,17,10,5,20250906,7,23,3000.0
A00497,27,14,4,20250505,11,8,4500.0
A01009,126,20,5,20250826,2,32,4500.0
A00190,148,13,5,20250219,9,33,2500.0
A00343,99,13,3,20250327,6,19,2500.0
A00225,165,13,3,20250227,32,8,2500.0
A00962,178,7,2,20250816,23,28,2500.0
A00240,124,2,2,20250303,5,23,4500.0
A00112,198,1,3,20250130,11,8,2500.0
A00144,163,18,3,20250207,37,30,5000.0
A00454,236,2,2,20250423,27,16,4500.0
A01163,102,13,5,20251006,180,29,2500.0
A00174,251,18,3,20250214,42,27,5000.0
A01353,225,10,5,20251121,10,26,3000.0
A01400,189,19,4,20251204,3,21,2500.0
A00102,198,13,5,20250128,50,28,2500.0
A00219,190,15,5,20250225,36,28,3500.0
A01140,106,18,3,20250929,1,20,5000.0
A00020,37,19,1,20250106,15,27,2500.0
A00837,217,12,2,20250718,89,25,3500.0
A01432,173,7,4,20251212,12,34,2500.0
A01488,203,14,4,20251229,34,17,4500.0
A00632,142,7,2,20250604,78,24,2500.0
A00388,44,19,1,20250405,19,16,2500.0
A00787,71,2,2,20250708,13,9,4500.0
A01011,165,16,1,20250827,8,31,3000.0
A01212,197,18,3,20251018,21,16,5000.0
A00267,205,19,4,20250308,68,12,2500.0
A01141,182,6,1,20250930,0,22,5000.0
A00492,232,1,3,20250503,0,11,2500.0
A00045,139,5,5,20250113,8,23,4000.0
A00992,230,18,3,20250822,4,23,5000.0
A00248,298,10,2,20250304,28,33,3000.0
A00433,12,9,4,20250418,161,33,3500.0
A01394,273,1,3,20251203,26,35,2500.0
A01067,7,6,1,20250910,68,24,5000.0
A00531,168,14,4,20250512,24,24,4500.0
A01072,183,19,4,20250911,13,30,2500.0
A01160,199,14,4,20251004,9,15,4500.0
A00590,54,20,5,20250523,17,21,4500.0
A00591,199,19,1,20250524,14,29,2500.0
A00463,128,17,2,20250425,137,17,4000.0
A00122,152,13,3,20250201,9,27,2500.0
A01367,264,19,1,20251126,75,13,2500.0
A00473,249,5,5,20250428,48,27,4000.0
A01325,11,10,2,20251118,19,21,3000.0
A01257,226,8,3,20251030,0,24,4500.0
A00690,296,2,2,20250616,24,16,4500.0
A00882,260,3,3,20250728,15,22,3500.0
A01179,35,11,1,20251011,25,10,4000.0
A01182,235,2,2,20251013,14,26,4500.0
A00549,292,15,5,20250515,105,18,3500.0
A01419,130,7,4,20251208,7,20,2500.0
A00569,48,16,3,20250520,61,29,3000.0
A00973,175,2,2,20250819,46,33,4500.0
A00513,37,8,3,20250508,2,29,4500.0
A00311,70,18,3,20250319,0,35,5000.0
A00593,81,13,3,20250524,6,29,2500.0
A01235,169,18,3,20251023,17,26,5000.0
A01345,116,6,1,20251121,2,10,5000.0
A00207,256,18,3,20250224,67,28,5000.0
A01498,250,9,4,20251231,9,25,3500.0
A00082,153,9,4,20250123,34,34,3500.0
A01434,14,13,5,20251212,41,23,2500.0
A00246,18,6,1,20250304,2,17,5000.0
A01100,70,8,3,20250917,78,14,4500.0
A00301,154,20,5,20250317,50,24,4500.0
A01053,86,6,1,20250906,11,8,5000.0
A00736,146,13,5,20250625,1,12,2500.0
A00943,273,16,1,20250812,10,19,3000.0
A01194,193,16,3,20251015,48,21,3000.0
A00993,55,8,3,20250823,14,18,4500.0
A00011,49,8,3,20250103,6,13,4500.0
A00466,165,4,1,20250426,55,19,3000.0
A01449,48,4,1,20251218,11,15,3000.0
A00377,150,10,5,20250402,16,11,3000.0
A00093,94,9,4,20250125,28,31,3500.0
A01108,54,7,2,20250919,28,31,2500.0
A01446,5,18,3,20251217,24,31,5000.0
A00577,31,2,2,20250522,50,29,4500.0
A00259,97,8,3,20250307,20,35,4500.0
A00960,278,14,4,20250815,34,12,4500.0
A00556,227,9,4,20250517,58,19,3500.0
A00212,101,12,2,20250225,34,20,5000.0
A00089,51,6,1,20250125,124,20,5000.0
A00847,238,7,4,20250719,63,17,2500.0
A00216,221,16,3,20250225,29,32,3000.0
A00923,184,17,2,20250807,27,33,4000.0
A00614,30,13,5,20250531,1,30,2500.0
A01074,17,10,5,20250911,108,28,3000.0
A01436,2,6,1,20251213,30,27,5000.0
A00761,61,9,4,20250702,34,12,3500.0
A00893,273,7,4,20250731,17,12,2500.0
A00365,158,14,4,20250401,24,24,4500.0
A01331,219,14,4,20251118,4,33,4500.0
A00457,102,19,4,20250423,7,8,2500.0
A00573,218,6,1,20250521,34,25,5000.0
A00765,28,17,2,20250703,1,15,4000.0
A00902,236,1,3,20250802,14,23,2500.0
A00226,165,9,4,20250227,1,13,3500.0
A01279,28,9,4,20251105,19,20,3500.0
A01251,261,11,1,20251029,10,27,4000.0
A00009,147,14,4,20250102,84,31,4500.0
A00801,104,15,5,20250710,31,23,3500.0
A00165,29,11,1,20250213,38,34,4000.0
A01440,273,19,1,20251215,34,25,2500.0
A00033,152,12,2,20250110,41,14,5000.0
A01292,40,8,3,20251107,1,20,4500.0
A01401,278,19,4,20251204,33,27,2500.0
A01501,110,1,3,20250125,21,31,2500.0
A00625,54,1,3,20250603,23,8,2500.0
A01317,118,5,5,20251114,27,25,4000.0
A00706,114,13,5,20250618,36,24,2500.0
A00855,274,11,1,20250722,6,20,4000.0
A00405,133,6,1,20250411,14,9,5000.0
A01081,88,7,2,20250913,42,32,2500.0
A00615,72,15,5,20250531,120,31,3500.0
A00447,245,15,5,20250421,0,34,3500.0
A01423,160,20,5,20251208,20,19,4500.0
A00324,169,3,3,20250322,76,13,3500.0
A01242,28,14,4,20251025,1,24,4500.0
A00996,249,19,4,20250823,52,15,2500.0
A01021,125,8,3,20250829,4,33,4500.0
A00852,164,18,3,20250721,59,16,5000.0
A00839,123,8,3,20250718,37,29,4500.0
A00010,74,5,5,20250102,71,17,4000.0
A00968,179,8,3,20250818,76,21,4500.0
A00389,160,14,4,20250405,11,29,4500.0
A00073,295,4,1,20250122,50,17,3000.0
A00651,28,19,4,20250607,36,30,2500.0
A00369,174,20,5,20250401,1,14,4500.0
A00714,117,4,1,20250620,46,20,3000.0
A01261,234,2,2,20251031,105,14,4500.0
A00985,277,14,4,20250821,32,27,4500.0
A01054,39,11,1,20250906,29,28,4000.0
A01418,189,4,4,20251208,46,18,3000.0
A00179,120,3,3,20250217,27,27,3500.0
A00772,110,9,4,20250704,28,32,3500.0
A00412,111,9,4,20250412,86,28,3500.0
A00626,89,8,3,20250603,20,18,4500.0
A00283,221,16,1,20250313,30,14,3000.0
A01491,97,2,2,20251230,24,14,4500.0
A00023,191,7,2,20250108,20,32,2500.0
A00988,258,20,5,20250821,57,35,4500.0
A00564,174,2,2,20250520,20,16,4500.0
A00849,88,6,1,20250721,33,30,5000.0
A00541,248,14,4,20250514,11,23,4500.0
A00583,267,4,1,20250523,106,20,3000.0
A01301,17,16,1,20251111,45,27,3000.0
A00459,21,18,3,20250424,72,28,5000.0
A00437,46,16,3,20250419,80,13,3000.0
A00086,182,18,3,20250124,16,21,5000.0
A00699,178,14,4,20250616,2,27,4500.0
A01304,36,15,5,20251111,11,21,3500.0
A00669,113,20,5,20250610,6,20,4500.0
A00494,58,5,5,20250503,1,32,4000.0
A00325,128,13,5,20250322,48,25,2500.0
A00685,72,5,5,20250614,16,35,4000.0
A00552,51,11,1,20250516,91,24,4000.0
A00244,23,1,1,20250304,8,9,2500.0
A01119,125,20,5,20250923,32,33,4500.0
A00169,294,11,1,20250214,36,17,4000.0
A00331,249,5,5,20250324,71,27,4000.0
A01064,297,4,1,20250909,68,32,3000.0
A00741,62,4,1,20250627,31,14,3000.0
A01489,229,10,5,20251229,52,16,3000.0
A00262,182,18,3,20250307,80,16,5000.0
A00812,181,13,3,20250712,57,8,2500.0
A01274,277,12,2,20251104,54,17,5000.0
A01246,253,13,5,20251027,28,24,2500.0
A01231,118,1,3,20251022,5,25,2500.0
A00200,290,6,1,20250222,0,11,5000.0
A01427,243,1,3,20251211,64,14,2500.0
A00648,164,11,1,20250607,10,24,4000.0
A01024,160,3,3,20250830,4,16,3500.0
A00703,284,3,3,20250618,66,26,3500.0
A00187,255,16,3,20250219,3,17,3000.0
A01088,297,16,3,20250915,68,10,3000.0
A00402,226,5,5,20250409,24,19,4000.0
A00935,252,9,4,20250809,6,27,3500.0
A00854,22,6,1,20250722,18,11,5000.0
A00794,10,20,5,20250708,34,21,4500.0
A01459,245,7,4,20251219,18,19,2500.0
A00606,85,14,4,20250528,4,19,4500.0
A01149,112,13,5,20251001,74,8,2500.0
A00078,103,4,1,20250123,9,10,3000.0
A00519,93,13,5,20250509,6,34,2500.0
A01322,62,16,3,20251117,86,19,3000.0
A00745,262,12,2,20250627,1,35,5000.0
A00936,67,14,4,20250809,64,14,4500.0
A00218,286,10,5,20250225,63,26,3000.0
A01171,185,11,1,20251009,14,11,4000.0
A01431,97,19,1,20251212,13,20,2500.0
A00680,259,20,5,20250612,17,21,4500.0
A00866,178,18,3,20250724,34,15,5000.0
A00081,119,7,4,20250123,13,9,2500.0
A01482,244,19,4,20251226,30,28,2500.0
A01038,59,2,2,20250904,16,12,4500.0
A01441,191,20,5,20251215,31,31,4500.0
A01272,207,5,5,20251103,33,18,4000.0
A01174,198,6,1,20251010,2,26,5000.0
A00004,130,9,4,20250101,4,15,3500.0
A00160,52,3,3,20250212,10,28,3500.0
A00468,240,16,1,20250426,12,33,3000.0
A01500,151,10,5,20251231,17,14,3000.0
A00546,86,18,3,20250515,19,17,5000.0
A00931,249,8,3,20250808,9,13,4500.0
A00202,51,9,4,20250222,1,34,3500.0
A00080,48,10,2,20250123,53,30,3000.0
A00930,10,11,1,20250808,10,9,4000.0
A01313,121,6,1,20251114,24,23,5000.0
A01282,299,11,1,20251106,42,20,4000.0
A01015,249,7,2,20250828,61,29,2500.0
A00374,10,5,5,20250402,40,20,4000.0
A00201,68,2,2,20250222,28,32,4500.0
A00600,93,17,2,20250527,18,21,4000.0
A00495,122,5,5,20250503,4,21,4000.0
A01395,21,8,3,20251203,80,29,4500.0
A00387,122,18,3,20250404,39,16,5000.0
A01017,149,9,4,20250828,43,21,3500.0
A01291,130,3,3,20251107,22,9,3500.0
A01297,4,12,2,20251110,1,23,5000.0
A00276,128,1,3,20250311,24,9,2500.0
A00059,50,2,2,20250118,17,20,4500.0
A01490,103,16,1,20251230,90,25,3000.0
A01464,183,6,1,20251222,24,25,5000.0
A01019,153,16,1,20250829,7,11,3000.0
A01368,90,10,2,20251126,11,30,3000.0
A01172,292,2,2,20251009,0,14,4500.0
A00420,191,18,3,20250415,99,29,5000.0
A01351,90,16,3,20251121,45,24,3000.0
A01339,295,15,5,20251119,28,11,3500.0
A00571,9,9,4,20250520,32,15,3500.0
A00015,96,19,4,20250103,32,35,2500.0
A00016,5,15,5,20250103,26,28,3500.0
A00087,179,14,4,20250124,43,20,4500.0
A00576,174,19,1,20250522,5,26,2500.0
A00341,20,5,5,20250326,180,33,4000.0
A00788,283,1,3,20250708,15,27,2500.0
A01117,138,14,4,20250923,4,16,4500.0
A00415,119,1,1,20250414,73,32,2500.0
A00255,66,10,2,20250306,48,30,3000.0
A01073,185,5,5,20250911,16,33,4000.0
A00025,155,17,2,20250108,7,15,4000.0
A00130,255,16,3,20250204,96,19,3000.0
A00883,178,13,3,20250728,41,29,2500.0
A01267,266,10,5,20251101,46,13,3000.0
A00314,63,5,5,20250319,28,25,4000.0
A00261,264,16,3,20250307,18,19,3000.0
A00056,55,9,4,20250117,7,26,3500.0
A00482,228,20,5,20250429,76,23,4500.0
A00410,141,8,3,20250412,5,22,4500.0
A00869,127,20,5,20250724,30,31,4500.0
A00058,33,4,1,20250118,46,30,3000.0
A00148,149,4,4,20250208,13,17,3000.0
A00333,137,20,5,20250324,8,25,4500.0
A00488,218,12,2,20250502,1,27,5000.0
A00716,61,15,5,20250620,59,16,3500.0
A01222,50,11,1,20251021,3,19,4000.0
A01505,200,11,1,20250623,19,9,4000.0
A00242,3,20,5,20250303,13,25,4500.0
A00199,295,4,1,20250222,2,12,3000.0
A01183,35,20,5,20251013,12,22,4500.0
A00939,1,1,3,20250811,34,32,2500.0
A01486,258,3,3,20251229,109,15,3500.0
A01096,218,20,5,20250916,0,34,4500.0
A00490,31,18,3,20250502,32,17,5000.0
A01236,153,4,4,20251023,180,16,3000.0
A01104,103,13,3,20250918,57,12,2500.0
A00909,266,3,3,20250805,82,27,3500.0
A00232,290,6,1,20250301,34,30,5000.0
A00146,123,13,3,20250208,33,12,2500.0
A00769,47,6,1,20250704,8,21,5000.0
A00891,196,3,3,20250731,33,27,3500.0
A00533,277,11,1,20250513,1,11,4000.0
A01152,37,17,2,20251002,9,32,4000.0
A00028,1,11,1,20250110,8,19,4000.0
A01201,165,16,3,20251017,8,26,3000.0
A00195,169,8,3,20250221,79,32,4500.0
A00900,146,1,1,20250802,5,27,2500.0
A00748,263,15,5,20250627,56,14,3500.0
A00797,67,20,5,20250709,2,26,4500.0
A01344,221,16,3,20251120,95,23,3000.0
A00697,92,9,4,20250616,131,19,3500.0
A01513,85,7,2,20250822,16,15,2500.0
A00041,295,10,2,20250113,52,34,3000.0
A01020,207,3,3,20250829,21,8,3500.0
A00085,84,17,2,20250124,102,18,4000.0
A00601,56,9,4,20250527,27,28,3500.0
A01428,66,4,4,20251211,117,15,3000.0
A00450,19,10,5,20250422,11,12,3000.0
A00582,29,14,4,20250522,10,11,4500.0
A01112,190,18,3,20250920,18,21,5000.0
A00268,40,20,5,20250308,17,22,4500.0
A01334,220,11,1,20251119,8,27,4000.0
A00906,38,18,3,20250804,115,25,5000.0
A01168,207,20,5,20251007,72,22,4500.0
A00889,25,1,3,20250731,3,27,2500.0
A00696,287,18,3,20250616,17,11,5000.0
A00578,203,17,2,20250522,55,8,4000.0
A01042,157,10,5,20250904,15,27,3000.0
A00538,222,7,2,20250514,24,24,2500.0
A00530,181,19,1,20250512,91,17,2500.0
A01357,297,10,5,20251124,22,11,3000.0
A00875,184,11,1,20250726,3,20,4000.0
A00792,70,9,4,20250708,1,12,3500.0
A00372,198,13,3,20250402,0,21,2500.0
A00278,70,1,1,20250312,40,17,2500.0
A00306,5,14,4,20250318,37,28,4500.0
A00233,248,19,1,20250301,29,21,2500.0
A01260,121,2,2,20251031,82,13,4500.0
A00026,127,9,4,20250109,31,31,3500.0
A00958,245,15,5,20250814,20,28,3500.0
A00832,285,17,2,20250717,141,15,4000.0
A00604,2,8,3,20250528,2,18,4500.0
A00763,270,6,1,20250703,13,20,5000.0
A00737,214,12,2,20250626,12,33,5000.0
A00470,261,20,5,20250426,35,25,4500.0
A01185,231,17,2,20251014,108,19,4000.0
A01463,122,1,1,20251222,24,33,2500.0
A00006,34,7,2,20250102,39,34,2500.0
A01186,72,7,4,20251014,27,14,2500.0
A01145,238,15,5,20250930,10,20,3500.0
A00181,221,1,1,20250218,56,28,2500.0
A01250,187,13,5,20251028,33,11,2500.0
A00663,300,18,3,20250610,36,12,5000.0
A00595,262,1,3,20250526,41,32,2500.0
A00208,92,4,4,20250224,23,17,3000.0
A00892,283,8,3,20250731,85,33,4500.0
A01299,205,17,2,20251110,11,17,4000.0
A01196,293,2,2,20251016,22,20,4500.0
A01417,224,3,3,20251208,76,35,3500.0
A01189,49,11,1,20251015,35,16,4000.0
A00818,196,17,2,20250714,45,10,4000.0
A00289,176,20,5,20250313,28,23,4500.0
A01496,174,13,3,20251231,29,22,2500.0
A00436,252,8,3,20250419,40,15,4500.0
A00921,87,12,2,20250807,70,22,5000.0
A01125,284,9,4,20250925,16,27,3500.0
A00946,151,19,4,20250812,15,14,2500.0
A00097,82,2,2,20250128,14,23,4500.0
A00062,163,8,3,20250120,12,20,4500.0
A01206,233,20,5,20251017,29,13,3500.0
A01409,294,17,2,20251206,64,30,4000.0
A00980,267,9,4,20250820,14,28,3500.0
A00254,52,10,2,20250306,31,22,3000.0
A00566,255,10,2,20250520,1,13,3000.0
A00243,57,20,5,20250303,55,13,4500.0
A01061,6,19,1,20250908,9,35,2500.0
A00841,96,9,4,20250718,5,23,3500.0
A00999,232,7,4,20250825,3,35,2500.0
A00076,63,18,3,20250122,13,10,5000.0
A00698,171,14,4,20250616,43,14,4500.0
A01381,283,14,4,20251128,131,25,4500.0
A00796,224,5,5,20250709,7,23,4000.0
A00090,102,6,1,20250125,7,15,5000.0
A00092,145,13,3,20250125,20,20,2500.0
A01293,113,7,4,20251107,156,34,2500.0
A01485,179,15,5,20251227,10,12,3500.0
A01094,36,18,3,20250916,13,13,5000.0
A00584,255,19,1,20250523,2,29,2500.0
A00247,169,11,1,20250304,25,18,4000.0
A00554,232,4,1,20250517,11,31,3000.0
A00230,278,12,2,20250228,9,31,5000.0
A01438,96,8,3,20251213,167,8,4500.0
A00512,60,17,2,20250508,6,28,4000.0
A00910,8,14,4,20250805,1,32,4500.0
A00870,207,2,2,20250725,2,15,4500.0
A00684,122,19,4,20250614,49,28,2500.0
A00655,37,2,2,20250609,1,28,4500.0
A00711,16,1,3,20250619,18,31,2500.0
A00266,75,1,3,20250308,30,27,2500.0
A00798,203,6,1,20250710,29,26,5000.0
A01106,145,9,4,20250918,9,8,3500.0
A00448,182,1,3,20250422,7,12,2500.0
A00344,271,16,3,20250327,19,9,3000.0
A00361,57,19,4,20250331,12,29,2500.0
A01384,142,4,1,20251201,16,24,3000.0
A00982,44,13,5,20250820,31,22,2500.0
A00253,296,2,2,20250306,2,10,4500.0
A00941,118,1,1,20250812,18,30,2500.0
A00671,86,2,2,20250611,9,34,4500.0
A01314,183,6,1,20251114,57,26,5000.0
A01069,211,1,1,20250911,4,17,2500.0
A01396,137,13,3,20251203,7,10,2500.0
A01023,202,14,4,20250829,15,13,4500.0
A01305,110,6,1,20251112,18,27,5000.0
A01000,1,9,4,20250825,0,8,3500.0
A00153,118,2,2,20250210,159,25,4500.0
A00103,69,11,1,20250129,5,27,4000.0
A01371,3,12,2,20251127,14,9,5000.0
A00742,104,4,1,20250627,114,18,3000.0
A01342,248,19,1,20251120,91,15,2500.0
A00476,63,6,1,20250429,35,11,5000.0
A00656,149,10,2,20250609,14,13,3000.0
A00647,163,18,3,20250606,11,31,5000.0
A00826,108,18,3,20250716,52,26,5000.0
A00597,118,14,4,20250526,0,30,4500.0
A00141,240,16,1,20250207,7,30,3000.0
A01190,259,11,1,20251015,58,27,4000.0
A00403,100,9,4,20250410,12,15,3500.0
A00150,110,19,4,20250208,27,13,2500.0
A00799,97,18,3,20250710,19,10,5000.0
A01161,208,11,1,20251006,4,14,4000.0
A01302,17,10,2,20251111,5,16,3000.0
A01079,138,5,5,20250912,14,11,4000.0
A00330,293,9,4,20250324,73,31,3500.0
A00491,117,10,5,20250502,9,26,3000.0
A00012,225,13,3,20250103,97,11,2500.0
A00865,21,7,2,20250724,0,9,2500.0
A00874,280,14,4,20250725,4,28,4500.0
A00115,55,9,4,20250130,146,10,3500.0
A01380,249,8,3,20251128,132,12,4500.0
A00017,206,3,3,20250104,44,14,3500.0
A00217,271,7,4,20250225,13,24,2500.0
A01223,61,11,1,20251021,26,11,4000.0
A00753,278,20,5,20250628,22,12,4500.0
A00400,27,18,3,20250408,60,35,5000.0
A01416,102,17,2,20251208,2,21,4000.0
A00339,160,17,2,20250326,21,35,4000.0
A00398,235,17,2,20250408,36,18,4000.0
A01034,23,15,5,20250902,31,28,3500.0
A00898,262,5,5,20250801,16,31,4000.0
A00544,146,12,2,20250515,7,21,5000.0
A00965,195,11,1,20250818,4,12,4000.0
A00251,78,1,1,20250306,45,14,2500.0
A00956,235,13,5,20250814,47,22,2500.0
A01468,200,5,5,20251223,29,19,4000.0
A00322,87,11,1,20250322,27,23,4000.0
A01158,274,18,3,20251003,37,32,5000.0
A00642,170,20,5,20250605,95,29,4500.0
A00213,107,12,2,20250225,1,12,5000.0
A01495,33,10,2,20251231,15,28,3000.0
A01215,118,11,1,20251020,27,14,4000.0
A00802,77,6,1,20250711,10,25,5000.0
A00222,197,3,3,20250226,3,35,3500.0
A00108,46,15,5,20250129,52,32,3500.0
A01210,221,10,2,20251018,14,33,3000.0
A00585,111,16,3,20250523,26,17,3000.0
A01077,167,2,2,20250912,32,28,4500.0
A01137,189,15,5,20250927,8,9,3500.0
A01102,188,14,4,20250917,57,12,4500.0
A00239,100,20,5,20250301,39,30,4500.0
A00152,130,6,1,20250210,51,33,5000.0
A01307,37,12,2,20251112,77,32,5000.0
A00127,270,17,2,20250203,109,31,4000.0
A01295,185,7,2,20251108,23,11,2500.0
A01120,279,18,3,20250924,17,33,5000.0
A00806,249,8,3,20250711,3,26,4500.0
A01420,265,9,4,20251208,24,33,3500.0
A00500,23,14,4,20250506,5,25,4500.0
A00496,123,9,4,20250505,15,20,3500.0
A00338,110,6,1,20250326,28,15,5000.0
A00967,157,10,2,20250818,37,27,3000.0
A01180,158,17,2,20251011,32,21,4000.0
A00836,202,6,1,20250718,28,23,5000.0
A00861,110,12,2,20250723,63,13,5000.0
A00658,168,14,4,20250609,5,33,4500.0
A00005,253,6,1,20250102,2,24,5000.0
A00334,165,10,2,20250325,30,26,3000.0
A01230,236,12,2,20251022,27,30,5000.0
A00428,134,9,4,20250416,79,13,3500.0
A01398,153,4,1,20251204,89,27,3000.0
A01199,245,11,1,20251017,60,14,4000.0
A00804,16,2,2,20250711,33,12,4500.0
A01433,63,14,4,20251212,28,26,4500.0
A00631,135,11,1,20250604,51,23,4000.0
A00830,179,19,1,20250717,16,15,2500.0
A01191,72,17,2,20251015,87,18,4000.0
A01507,81,1,3,20250628,55,17,2500.0
A01107,166,19,1,20250919,15,31,2500.0
A00167,25,3,3,20250213,19,25,3500.0
A00038,45,6,1,20250111,22,11,5000.0
A00738,138,1,3,20250626,4,21,2500.0
A00204,287,11,1,20250224,59,18,4000.0
A00661,276,12,2,20250610,15,9,5000.0
A01276,117,4,4,20251104,20,12,3000.0
A00480,210,10,5,20250429,25,11,3000.0
A00878,19,10,5,20250726,32,12,3000.0
A00451,264,15,5,20250422,13,32,3500.0
A00096,144,2,2,20250127,28,26,4500.0
A01225,193,10,2,20251021,22,14,3000.0
A01144,82,3,3,20250930,50,19,3500.0
A00430,89,11,1,20250417,15,27,4000.0
A00771,225,7,2,20250704,3,10,2500.0
A00636,202,19,4,20250604,40,21,2500.0
A00327,256,11,1,20250324,9,34,4000.0
A00917,172,14,4,20250806,29,22,4500.0
A00203,181,5,5,20250222,17,30,4000.0
A01214,189,15,5,20251018,14,11,3500.0
A00172,170,3,3,20250214,1,24,3500.0
A00666,66,10,5,20250610,35,11,3000.0
A00192,225,4,1,20250220,10,9,3000.0
A00702,88,17,2,20250618,26,16,4000.0
A00834,143,7,4,20250717,26,19,2500.0
A00292,157,13,3,20250315,14,23,2500.0
A00223,225,4,4,20250226,80,23,3000.0
A00170,185,19,1,20250214,40,32,2500.0
A00823,80,9,4,20250715,9,14,3500.0
A00126,101,7,2,20250203,26,23,2500.0
A00727,295,16,3,20250624,4,12,3000.0
A00439,167,5,5,20250419,14,26,4000.0
A00605,188,9,4,20250528,37,27,3500.0
A00021,15,14,4,20250107,141,12,4500.0
A00790,125,8,3,20250708,7,18,4500.0
A01422,194,13,5,20251208,23,18,2500.0
A00008,282,9,4,20250102,103,35,3500.0
A00675,240,15,5,20250611,55,27,3500.0
A00231,182,7,4,20250228,28,26,2500.0
A01447,235,14,4,20251217,10,31,4500.0
A00728,252,14,4,20250624,70,30,4500.0
A00351,157,10,5,20250328,70,25,3000.0
A00132,4,14,4,20250204,32,30,4500.0
A00288,255,10,5,20250313,74,20,3000.0
A00299,164,8,3,20250317,20,14,4500.0
A01391,62,1,1,20251203,7,21,2500.0
A00258,82,17,2,20250307,55,20,4000.0
A00316,255,3,3,20250320,22,11,3500.0
A01208,69,11,1,20251018,12,9,4000.0
A00732,57,18,3,20250625,14,29,5000.0
A01475,169,17,2,20251225,86,25,4000.0
A00957,233,15,5,20250814,62,9,3500.0
A01474,215,2,2,20251225,15,12,4500.0
A00937,17,10,5,20250809,44,22,3000.0
A01052,269,20,5,20250905,67,34,4500.0
A00423,253,19,4,20250415,26,19,3500.0
A00750,83,2,2,20250628,180,9,4500.0
A01408,166,7,2,20251206,24,28,2500.0
A00915,31,3,3,20250806,11,9,3500.0
A00805,288,10,2,20250711,9,31,3000.0
A00140,145,15,5,20250206,29,20,3500.0
A01281,225,4,1,20251106,4,25,3000.0
A00124,165,16,1,20250203,39,27,3000.0
A01006,107,12,2,20250826,11,30,5000.0
A00800,91,14,4,20250710,42,18,4500.0
A01294,43,19,1,20251108,33,27,2500.0
A01197,135,17,2,20251016,9,16,4000.0
A00308,271,4,1,20250319,22,8,3000.0
A00360,125,12,2,20250331,1,32,5000.0
A01028,20,17,2,20250901,8,8,4000.0
A00121,285,12,2,20250201,6,20,5000.0
A00183,189,16,3,20250218,9,23,3000.0
A00781,84,11,1,20250707,19,8,4000.0
A00350,201,14,4,20250328,25,21,4500.0
A00592,36,1,3,20250524,21,22,2500.0
A00540,194,14,4,20250514,7,15,4500.0
A01218,49,14,4,20251020,132,29,4500.0
A00396,267,19,1,20250408,36,33,2500.0
A00335,260,12,2,20250325,39,23,5000.0
A01456,300,5,5,20251218,4,29,4000.0
A00401,244,7,4,20250409,4,21,2500.0
A00035,88,18,3,20250110,111,25,5000.0
A00925,22,18,3,20250807,21,25,5000.0
A00384,133,2,2,20250404,30,9,4500.0
A01045,104,16,1,20250905,114,34,3000.0
A00514,210,7,4,20250508,41,28,2500.0
A01286,114,7,4,20251106,19,18,2500.0
A00282,72,7,4,20250312,29,8,2500.0
A00030,114,2,2,20250110,97,9,4500.0
A01083,250,3,3,20250913,13,16,3500.0
A00348,185,7,2,20250328,1,17,2500.0
A00677,271,4,4,20250612,20,31,3000.0
A01415,292,2,2,20251208,88,15,4500.0
A00191,107,20,5,20250219,14,22,4500.0
A00375,40,5,5,20250402,11,15,4000.0
A01359,229,16,1,20251125,93,20,3000.0
A00286,53,13,3,20250313,13,9,2500.0
A00055,152,14,4,20250116,15,28,4500.0
A00129,230,20,5,20250203,0,31,4500.0
A00776,66,4,1,20250705,43,30,3000.0
A00186,25,2,2,20250219,46,14,4500.0
A00952,79,10,5,20250813,32,27,3000.0
A00383,28,9,4,20250403,19,9,3500.0
A01290,224,12,2,20251107,9,25,5000.0
A00563,173,2,2,20250520,22,35,4500.0
A01013,175,6,1,20250828,83,19,5000.0
A00715,80,9,4,20250620,6,22,3500.0
A00105,252,12,2,20250129,7,25,5000.0
A01499,242,19,4,20251231,3,20,2500.0
A00914,220,1,1,20250806,132,34,2500.0
A00238,96,7,4,20250301,28,10,2500.0
A00043,247,18,3,20250113,51,8,5000.0
A00673,244,13,3,20250611,55,20,2500.0
A00145,252,11,1,20250208,76,17,4000.0
A01483,299,7,2,20251227,38,15,2500.0
A00224,118,19,4,20250226,43,15,2500.0
A00386,34,18,3,20250404,23,27,5000.0
A00838,231,17,2,20250718,35,12,4000.0
A00229,101,7,2,20250228,39,34,2500.0
A01289,49,1,1,20251107,37,8,2500.0
A00320,189,1,3,20250321,28,29,2500.0
A01122,114,14,4,20250924,52,24,4500.0
A00553,188,12,2,20250516,82,31,5000.0
A01443,210,3,3,20251216,5,20,3500.0
A00111,257,2,2,20250130,6,11,4500.0
A01335,100,1,3,20251119,2,31,2500.0
A00300,54,7,4,20250317,9,19,2500.0
A00730,191,12,2,20250625,24,18,5000.0
A01166,134,12,2,20251007,41,23,5000.0
A00357,48,10,5,20250329,11,30,3000.0
A01050,297,16,3,20250905,29,25,3000.0
A00354,131,20,5,20250328,35,35,4500.0
A00961,200,6,1,20250816,11,10,5000.0
A00263,218,13,5,20250307,5,18,2500.0
A00749,87,19,1,20250628,34,25,2500.0
A01255,68,1,1,20251030,22,9,2500.0
A00995,124,19,4,20250823,12,33,2500.0
A01098,92,10,2,20250917,8,9,3000.0
A01187,241,15,5,20251014,35,25,3500.0
A01078,100,9,4,20250912,1,25,3500.0
A00110,235,6,1,20250130,19,8,5000.0
A01135,93,5,5,20250927,56,22,4000.0
A01349,63,3,3,20251121,13,27,3500.0
A01065,142,16,3,20250909,2,11,3000.0
A01216,22,13,3,20251020,4,31,2500.0
A00271,300,19,1,20250310,21,24,2500.0
A00817,155,17,2,20250714,0,23,4000.0
A00523,160,11,1,20250510,28,23,4000.0
A01217,276,7,4,20251020,13,29,2500.0
A00989,75,16,1,20250822,180,35,3000.0
A01085,127,5,5,20250913,41,17,4000.0
A00366,166,14,4,20250401,52,17,4500.0
A01287,236,19,4,20251106,28,31,2500.0
A00734,264,4,4,20250625,84,16,3000.0
A01382,16,12,2,20251129,7,31,5000.0
A00257,99,12,2,20250307,0,17,5000.0
A00896,234,2,2,20250801,40,22,4500.0
A01457,227,15,5,20251218,66,30,3500.0
A00394,46,4,4,20250407,9,27,3000.0
A00638,118,17,2,20250605,9,24,4000.0
A00342,114,5,5,20250326,8,34,4000.0
A00594,179,17,2,20250526,170,24,4000.0
A01444,129,4,4,20251216,5,28,3000.0
A00277,96,15,5,20250311,0,30,3500.0
A00949,69,11,1,20250813,20,29,4000.0
A01124,62,3,3,20250925,6,19,3500.0
A00579,39,3,3,20250522,9,24,3500.0
A00824,264,4,1,20250716,60,16,3000.0
A00897,86,14,4,20250801,60,21,4500.0
A00168,216,9,4,20250213,12,19,3500.0
A01467,154,18,3,20251223,28,29,5000.0
A00487,121,14,4,20250501,31,29,4500.0
A01198,166,7,4,20251016,20,30,2500.0
A00046,220,17,2,20250114,58,16,4000.0
A00942,187,4,1,20250812,6,23,3000.0
A00947,191,13,5,20250812,34,26,2500.0
A00157,153,16,1,20250212,16,28,3000.0
A00558,244,2,2,20250519,39,8,4500.0
A00953,42,2,2,20250814,11,30,4500.0
A01047,182,19,1,20250905,53,18,2500.0
A00355,41,5,5,20250329,3,17,4000.0
A00795,260,7,2,20250709,12,34,2500.0
A00154,123,12,2,20250210,156,12,5000.0
A00143,192,8,3,20250207,10,22,4500.0
A01071,119,9,4,20250911,24,13,3500.0
A01308,62,4,4,20251112,15,25,3000.0
A00485,185,12,2,20250501,2,29,5000.0
A00034,266,16,3,20250110,41,29,3000.0
A00464,236,14,4,20250425,32,29,4500.0
A00650,75,7,2,20250607,50,32,2500.0
A00613,266,10,5,20250531,80,9,3000.0
A00862,257,13,3,20250723,31,12,2500.0
A01105,76,18,3,20250918,56,34,5000.0
A00725,58,1,3,20250624,7,19,2500.0
A00744,235,11,1,20250627,111,26,4000.0
A00370,46,16,1,20250402,51,17,3000.0
A00088,286,15,5,20250124,12,22,3500.0
A00955,65,13,3,20250814,25,15,2500.0
A01365,257,6,1,20251126,17,30,5000.0
A01469,241,11,1,20251224,5,14,4000.0
A00814,272,5,5,20250712,56,10,4000.0
A00516,16,15,5,20250508,106,11,3500.0
A01264,133,18,3,20251031,20,23,5000.0
A00414,32,1,1,20250414,60,21,2500.0
A01143,133,17,2,20250930,25,11,4000.0
A00134,78,12,2,20250205,37,11,5000.0
A00873,189,4,4,20250725,7,28,3000.0
A00029,187,16,1,20250110,39,20,3000.0
A00844,114,3,3,20250719,18,12,3500.0
A01123,267,10,2,20250925,39,15,3000.0
A00353,233,13,5,20250328,13,32,2500.0
A01127,7,6,1,20250926,32,27,5000.0
A00724,230,11,1,20250624,74,27,4000.0
A01176,281,5,5,20251010,31,23,4000.0
A00290,149,10,2,20250314,28,23,3000.0
A00708,55,6,1,20250619,3,17,5000.0
A01414,132,19,4,20251206,32,15,2500.0
A00811,298,1,3,20250712,15,17,2500.0
A00303,32,2,2,20250318,18,31,4500.0
A01262,253,7,2,20251031,31,11,2500.0
A01169,75,16,1,20251008,154,31,3000.0
A01383,227,9,4,20251129,32,13,3500.0
A00305,69,8,3,20250318,5,10,4500.0
A00162,189,4,4,20250212,4,18,3000.0
A00877,173,19,4,20250726,56,27,2500.0
A01268,15,15,5,20251101,31,11,3500.0
A00047,11,16,3,20250114,24,19,3000.0
A00060,93,14,4,20250118,141,14,4500.0
A00107,73,13,5,20250129,13,13,2500.0
A00032,83,12,2,20250110,15,33,5000.0
A01089,197,15,5,20250915,85,28,3500.0
A01165,256,6,1,20251007,48,11,5000.0
A01461,260,17,2,20251220,65,20,4000.0
A00859,252,6,1,20250723,5,14,3500.0
A00848,176,9,4,20250719,48,34,3500.0
A00418,265,8,3,20250415,48,29,4500.0
A01029,98,17,2,20250901,27,21,4000.0
A00003,274,13,3,20250101,5,13,2500.0
A00977,226,20,5,20250819,73,15,4500.0
A00211,240,13,5,20250224,1,15,2500.0
A00326,217,6,1,20250324,64,8,5000.0
A00142,243,17,2,20250207,42,23,4000.0
A00188,293,18,3,20250219,5,22,5000.0
A00810,234,20,5,20250711,44,25,4500.0
A01403,108,6,1,20251205,80,27,5000.0
A01340,119,1,1,20251120,1,29,2500.0
A01306,169,7,2,20251112,24,34,2500.0
A01220,273,15,5,20251020,33,23,3500.0
A00618,166,20,5,20250531,12,21,4500.0
A01439,193,16,1,20251215,16,24,3000.0
A01162,79,10,2,20251006,35,18,3000.0
A00687,247,15,5,20250614,15,13,3500.0
A00545,41,17,2,20250515,9,25,4000.0
A01320,55,3,3,20251117,22,24,3500.0
A01041,185,8,3,20250904,50,34,4500.0
A01036,135,8,3,20250903,49,14,4500.0
A00924,60,13,3,20250807,14,34,2500.0
A00850,99,12,2,20250721,17,18,3500.0
A01159,111,16,1,20251004,21,20,3000.0
A00831,76,17,2,20250717,41,13,4000.0
A01219,257,14,4,20251020,16,24,4500.0
A00608,179,17,2,20250529,24,9,4000.0
A00013,109,18,3,20250103,7,22,5000.0
A00274,74,12,2,20250311,11,34,5000.0
A00373,292,7,4,20250402,2,25,2500.0
A00813,246,4,4,20250712,15,25,3000.0
A00071,11,10,5,20250121,57,32,3000.0
A01404,148,9,4,20251205,55,35,3500.0
A00101,96,13,5,20250128,34,29,2500.0
A01132,275,12,2,20250927,20,14,5000.0
A00759,212,3,3,20250702,3,22,3500.0
A00695,246,16,3,20250616,3,21,3000.0
A01522,75,10,2,20251120,93,32,3000.0
A00532,73,20,5,20250512,17,10,4500.0
A00712,162,14,4,20250619,0,16,4500.0
A01328,189,16,3,20251118,48,25,3000.0
A00895,258,6,1,20250801,3,33,5000.0
A01284,168,8,3,20251106,0,29,4500.0
A01354,159,2,2,20251122,56,16,4500.0
A00733,191,18,3,20250625,33,26,5000.0
A00084,171,12,2,20250124,21,27,5000.0
A01138,5,12,2,20250929,16,21,5000.0
A00449,102,3,3,20250422,74,35,3500.0
A00446,236,13,5,20250421,29,16,2500.0
A01435,211,13,5,20251212,21,26,2500.0
A00424,128,5,5,20250415,13,8,4000.0
A00147,252,13,3,20250208,32,14,2500.0
A00916,221,4,4,20250806,16,27,3000.0
A00938,47,12,2,20250811,16,21,5000.0
A00379,90,3,3,20250403,18,17,3500.0
A01156,259,12,2,20251003,11,15,5000.0
A00694,230,17,2,20250616,15,29,4000.0
A00646,140,18,3,20250606,6,17,5000.0
A00456,32,14,4,20250423,32,16,4500.0
A00321,68,1,1,20250322,42,25,2500.0
A01481,267,16,3,20251226,39,19,3000.0
A00994,110,8,3,20250823,31,21,4500.0
A00067,44,2,2,20250121,118,16,4500.0
A00833,249,18,3,20250717,12,29,5000.0
A01378,269,19,1,20251128,76,11,2500.0
A01352,146,18,3,20251121,12,19,5000.0
A00293,101,9,4,20250315,20,8,3500.0
A00362,104,10,5,20250331,74,28,3000.0
A01355,198,9,4,20251122,46,19,3500.0
A01348,27,7,2,20251121,21,34,2500.0
A01139,63,17,2,20250929,43,10,4000.0
A01362,10,14,4,20251125,22,32,4500.0
A01075,194,11,1,20250912,39,14,4000.0
A01450,247,7,2,20251218,32,9,2500.0
A00064,247,14,4,20250120,33,23,4500.0
A00250,105,4,4,20250304,34,34,3000.0
A01326,55,8,3,20251118,18,8,4500.0
A00039,293,1,3,20250111,8,16,2500.0
A00528,238,20,5,20250510,42,24,4500.0
A00053,16,11,1,20250116,22,32,4000.0
A00113,269,8,3,20250130,43,18,4500.0
A01093,146,8,3,20250916,2,21,4500.0
A01048,270,2,2,20250905,68,34,4500.0
A00441,27,12,2,20250421,25,24,5000.0
A00417,204,9,4,20250414,56,18,3500.0
A00489,33,16,3,20250502,0,24,3000.0
A01076,246,16,1,20250912,51,29,3000.0
A01109,52,10,2,20250919,10,32,3000.0
A00119,190,6,1,20250201,10,12,5000.0
A01346,87,2,2,20251121,5,31,4500.0
A00070,105,16,3,20250121,0,34,3000.0
A01249,219,12,2,20251028,33,11,5000.0
A01374,134,15,5,20251127,45,9,3500.0
A00391,154,20,5,20250405,23,19,4500.0
A00404,241,9,4,20250410,10,25,3500.0
A01039,179,2,2,20250904,0,22,4500.0
A01373,214,8,3,20251127,4,24,4500.0
A01232,181,1,3,20251022,18,17,2500.0
A00819,147,8,3,20250714,3,23,4500.0
A00927,216,14,4,20250807,0,19,4500.0
A00435,259,11,1,20250419,32,12,4000.0
A00821,116,2,2,20250715,145,35,4500.0
A01128,209,3,3,20250926,63,33,3500.0
A01494,64,9,4,20251230,29,34,3500.0
A01296,38,1,1,20251110,28,21,2500.0
A00634,68,13,3,20250604,55,19,2500.0
A01360,265,2,2,20251125,19,16,4500.0
A00182,83,11,1,20250218,3,34,4000.0
A00565,117,10,2,20250520,46,10,3000.0
A01479,119,7,2,20251226,20,34,2500.0
A00438,293,7,4,20250419,20,35,2500.0
A01049,39,12,2,20250905,72,34,5000.0
A00918,71,19,1,20250807,27,22,2500.0
A00136,261,17,2,20250205,3,34,4000.0
A01059,184,15,5,20250906,13,30,3500.0
A00031,165,10,2,20250110,66,14,3000.0
A01385,222,13,3,20251201,54,15,2500.0
A00978,153,16,1,20250820,76,25,3000.0
A01155,40,1,1,20251003,49,9,2500.0
A00193,223,12,2,20250220,40,17,5000.0
A01454,106,14,4,20251218,15,33,4500.0
A00524,209,8,3,20250510,5,10,4500.0
A01051,241,20,5,20250905,19,23,4500.0
A01097,34,6,1,20250917,17,19,5000.0
A01022,42,14,4,20250829,50,17,4500.0
A00520,54,15,5,20250509,36,16,3500.0
A01092,78,17,2,20250916,24,9,4000.0
A00109,205,15,5,20250129,15,24,3500.0
A00049,290,2,2,20250115,2,25,4500.0
A00934,160,8,3,20250809,34,33,4500.0
A01227,24,15,5,20251021,14,12,3500.0
A00458,246,7,2,20250424,30,22,2500.0
A00279,129,16,1,20250312,33,27,3000.0
A01399,175,11,1,20251204,8,20,4000.0
A01315,292,17,2,20251114,17,14,4000.0
A01113,191,20,5,20250920,5,29,4500.0
A00825,137,8,3,20250716,4,28,4500.0
A00751,207,12,2,20250628,16,9,5000.0
A00149,178,9,4,20250208,26,30,3500.0
A00746,118,17,2,20250627,115,15,4000.0
A01253,58,13,3,20251029,46,27,2500.0
A00754,153,4,1,20250630,19,17,3000.0
A00164,288,15,5,20250212,63,32,3500.0
A00294,283,9,4,20250315,19,21,3500.0
A00907,257,15,5,20250804,29,14,3500.0
A00926,267,4,4,20250807,82,28,3000.0
A00945,236,7,4,20250812,41,34,3500.0
A01209,123,11,1,20251018,73,15,4000.0
A01014,12,2,2,20250828,24,35,4500.0
A01487,193,16,3,20251229,24,23,3000.0
A00385,229,16,3,20250404,35,9,3000.0
A00413,42,20,5,20250412,46,11,4500.0
A00072,19,4,1,20250122,43,24,3000.0
A00664,164,9,4,20250610,21,18,3500.0
A00399,116,8,3,20250408,9,29,4500.0
A00678,269,15,5,20250612,99,23,3500.0
A00782,265,11,1,20250707,17,28,4000.0
A00444,193,10,5,20250421,9,34,3000.0
A01424,107,7,2,20251209,1,13,2500.0
A00209,138,9,4,20250224,0,31,3500.0
A01364,215,20,5,20251125,132,25,4500.0
A00467,33,16,1,20250426,25,14,3000.0
A00628,256,19,4,20250603,18,11,2500.0
A01337,179,3,3,20251119,47,27,3500.0
A01451,163,12,2,20251218,24,12,5000.0
A00099,79,4,4,20250128,2,9,3000.0
A01184,87,17,2,20251014,11,22,4000.0
A01263,84,3,3,20251031,13,32,3500.0
A01056,114,5,5,20250906,9,12,4000.0
A00529,27,6,1,20250512,52,23,5000.0
A01476,253,17,2,20251225,36,8,4000.0
A00534,82,1,3,20250513,26,29,2500.0
A00083,46,10,5,20250123,32,30,3000.0
A00281,262,18,3,20250312,41,31,5000.0
A00704,47,8,3,20250618,23,14,4500.0
A01407,149,16,1,20251206,2,35,3000.0
A00903,290,18,3,20250802,38,13,5000.0
A00768,293,14,4,20250703,92,30,4500.0
A01388,260,17,2,20251202,46,28,4000.0
A01358,108,11,1,20251125,8,9,4000.0
A00511,204,18,3,20250507,61,26,5000.0
A01091,198,12,2,20250916,108,19,5000.0
A01018,212,14,4,20250828,60,19,4500.0
A01032,291,8,3,20250902,2,14,4500.0
A00422,222,9,4,20250415,79,27,3500.0
A00542,272,13,5,20250514,86,30,2500.0
A00665,200,14,4,20250610,19,11,4500.0
A00991,121,8,3,20250822,52,8,4500.0
A01060,225,15,5,20250906,12,18,3500.0
A01347,250,2,2,20251121,4,32,4500.0
A01170,7,14,4,20251008,9,12,4500.0
A01437,235,6,1,20251213,15,26,5000.0
A01480,285,17,2,20251226,6,9,4000.0
A00307,180,14,4,20250318,2,29,4500.0
A00116,129,19,4,20250130,23,24,2500.0
A01333,32,15,5,20251118,33,23,3500.0
A00539,66,10,2,20250514,11,24,3000.0
A01452,180,3,3,20251218,94,34,3500.0
A00176,266,4,1,20250215,55,14,3000.0
A00984,80,15,5,20250820,10,30,3500.0
A00555,64,10,2,20250517,26,12,3000.0
A00612,91,19,4,20250531,37,18,2500.0
A01312,239,15,5,20251113,1,22,3500.0
A00392,275,20,5,20250405,42,35,4500.0
A00460,28,9,4,20250424,9,22,3500.0
A00757,88,5,5,20250701,19,31,4000.0
A00567,140,12,2,20250520,1,24,5000.0
A00352,51,13,5,20250328,11,32,2500.0
A01086,193,4,1,20250915,0,20,3000.0
A01393,101,17,2,20251203,62,8,4000.0
A00560,71,18,3,20250519,64,21,5000.0
A00616,127,20,5,20250531,79,21,4500.0
A00619,129,4,1,20250602,53,18,3000.0
A00309,102,6,1,20250319,15,29,5000.0
A00237,243,17,2,20250301,38,35,4000.0
A00493,202,3,3,20250503,22,35,3500.0
A00508,120,2,2,20250507,23,31,4500.0
A01224,6,19,1,20251021,39,35,2500.0
A01392,179,6,1,20251203,5,9,5000.0
A01016,235,8,3,20250828,75,19,4500.0
A00507,90,16,1,20250507,3,12,3000.0
A01425,54,1,1,20251211,17,8,2500.0
A01336,146,1,3,20251119,35,30,2500.0
A00014,13,14,4,20250103,76,27,4500.0
A00880,187,16,1,20250728,24,8,3000.0
A00643,264,16,1,20250606,0,25,3000.0
A00445,273,10,5,20250421,19,8,3000.0
A00785,39,13,5,20250707,91,31,2500.0
A00887,298,10,5,20250729,13,17,3000.0
A00783,197,17,2,20250707,33,24,4000.0
A00581,189,9,4,20250522,27,8,3500.0
A01442,15,11,1,20251216,56,31,4000.0
A00171,55,3,3,20250214,35,31,3500.0
A01046,187,16,1,20250905,18,17,3000.0
A00645,139,8,3,20250606,47,8,4500.0
A00760,274,13,3,20250702,5,24,2500.0
A01001,132,9,4,20250825,25,23,3500.0
A01111,113,15,5,20250919,88,13,3500.0
A00313,21,5,5,20250319,0,18,4000.0
A00602,219,14,4,20250527,34,27,4500.0
A00820,226,15,5,20250714,20,14,3500.0
A00358,133,1,1,20250331,8,33,2500.0
A00791,52,4,4,20250708,13,23,3000.0
A01082,127,12,2,20250913,7,16,5000.0
A00587,141,9,4,20250523,5,31,3500.0
A00884,25,7,2,20250729,32,32,2500.0
A01298,192,12,2,20251110,0,26,5000.0
A00359,38,19,1,20250331,55,16,2500.0
A00295,48,10,5,20250315,75,28,3000.0
A00037,129,13,5,20250110,54,26,2500.0
A01175,207,11,1,20251010,3,12,4000.0
A00381,43,18,3,20250403,24,35,5000.0
A00180,246,4,4,20250217,77,32,3000.0
A01133,207,8,3,20250927,31,11,4500.0
A00304,108,17,2,20250318,4,11,4000.0
A01164,80,15,5,20251006,3,10,3500.0
A00349,197,8,3,20250328,33,19,4500.0
A01330,280,18,3,20251118,10,33,5000.0
A00382,208,18,3,20250403,12,29,5000.0
A01103,199,1,1,20250918,24,29,2500.0
A00363,100,20,5,20250331,22,28,4500.0
A01037,254,19,4,20250903,24,18,2500.0
A01008,57,20,5,20250826,19,21,4500.0
A01099,53,12,2,20250917,7,19,5000.0
A01465,48,3,3,20251222,7,29,3500.0
A00426,225,16,3,20250416,1,23,3000.0
A00393,299,6,1,20250407,18,34,5000.0
A00857,258,3,3,20250722,24,24,3500.0
A00484,213,18,3,20250430,9,16,5000.0
A00607,16,20,5,20250528,0,33,4500.0
A00079,193,4,1,20250123,45,12,3000.0
A00478,28,7,4,20250429,6,16,2500.0
A01318,79,10,5,20251114,40,20,3000.0
A00196,218,7,4,20250221,47,11,2500.0
A00872,1,18,3,20250725,22,19,5000.0
A00499,3,20,5,20250505,14,34,4500.0
A00525,79,4,4,20250510,75,25,3000.0
A00713,126,5,5,20250619,0,18,4000.0
A00498,271,10,5,20250505,15,14,3000.0
A00337,34,1,1,20250326,36,20,2500.0
A00940,49,7,4,20250811,0,33,2500.0
A00944,144,18,3,20250812,53,26,5000.0
A01277,276,9,4,20251104,20,33,3500.0
A00919,74,2,2,20250807,29,24,4500.0
A01269,54,11,1,20251103,20,25,4000.0
A00406,73,19,1,20250411,48,18,2500.0
A00189,76,5,5,20250219,39,17,4000.0
A00356,171,5,5,20250329,10,11,4000.0
A00846,53,13,3,20250719,54,32,2500.0
A00971,69,5,5,20250818,76,28,4000.0
A01324,298,15,5,20251117,96,13,3500.0
A01426,106,19,1,20251211,10,25,2500.0
A00789,49,8,3,20250708,63,23,4500.0
A00210,103,19,4,20250224,56,23,2500.0
A00964,157,4,1,20250818,18,25,3000.0
A01136,48,15,5,20250927,3,11,3500.0
A00125,94,19,1,20250203,16,25,2500.0
A00543,21,20,5,20250514,3,35,4500.0
A00479,158,5,5,20250429,40,26,4000.0
A00205,193,10,2,20250224,37,9,3000.0
A00347,266,15,5,20250327,16,28,3500.0
A00131,17,4,4,20250204,17,27,3000.0
A01055,219,2,2,20250906,153,26,4500.0
A01080,293,11,1,20250913,36,13,4000.0
A00622,215,9,4,20250602,11,18,3500.0
A00707,35,15,5,20250618,13,21,3500.0
A00206,210,16,3,20250224,17,34,3000.0
A00710,206,17,2,20250619,24,23,4000.0
A00509,106,17,2,20250507,132,32,4000.0
A00061,206,5,5,20250118,14,32,4000.0
A00329,51,8,3,20250324,33,31,4500.0
A00197,114,9,4,20250221,30,16,3500.0
A01205,245,19,4,20251017,43,11,2500.0
A01477,104,3,3,20251225,13,14,3500.0
A01044,279,11,1,20250905,16,23,4000.0
A01309,105,4,4,20251112,27,25,3000.0
A01243,49,6,1,20251027,11,22,5000.0
A00310,27,13,3,20250319,58,16,2500.0
A01285,113,18,3,20251106,32,23,5000.0
A00416,18,8,3,20250414,40,19,4500.0
A00345,235,9,4,20250327,36,12,3500.0
A00269,178,20,5,20250308,13,23,4500.0
A00784,233,13,3,20250707,34,12,2500.0
A00095,222,19,1,20250127,0,13,2500.0
A01033,296,9,4,20250902,3,15,3500.0
A01390,149,10,5,20251202,10,24,3000.0
A01466,38,8,3,20251222,13,32,4500.0
A00054,207,2,2,20250116,2,12,4500.0
A00522,156,6,1,20250510,3,18,5000.0
A00065,9,15,5,20250120,77,29,3500.0
A00504,85,15,5,20250506,15,15,3500.0
A00662,127,8,3,20250610,17,29,4500.0
A01300,289,20,5,20251110,25,20,4500.0
A00598,13,5,5,20250526,27,29,4000.0
A01372,24,17,2,20251127,29,32,4000.0
A01114,174,2,2,20250922,33,8,4500.0
A00486,205,12,2,20250501,38,22,5000.0
A00472,290,8,3,20250428,25,22,4500.0
A00623,104,16,1,20250603,130,33,3500.0
A00705,4,5,5,20250618,3,13,4000.0
A00635,76,18,3,20250604,1,10,5000.0
A00886,264,10,2,20250729,50,9,3000.0
A01026,150,16,1,20250901,21,35,3000.0
A00630,199,20,5,20250603,16,22,4500.0
A01303,120,7,4,20251111,8,21,2500.0
A01084,79,16,3,20250913,23,19,3000.0
A00863,190,18,3,20250723,1,10,5000.0
A00178,185,19,1,20250217,28,34,2500.0
A01453,282,8,3,20251218,26,29,4500.0
A00521,234,20,5,20250509,45,9,3500.0
A01429,80,5,5,20251211,108,22,4000.0
A00617,148,20,5,20250531,59,29,4500.0
A00163,146,14,4,20250212,36,17,4500.0
A00151,257,5,5,20250208,6,13,4000.0
A00778,201,14,4,20250705,11,35,4500.0
A00106,46,10,5,20250129,28,30,3000.0
A00235,25,12,2,20250301,19,17,5000.0
A01129,188,9,4,20250926,1,13,3500.0
A00911,102,13,5,20250805,180,35,2500.0
A00562,191,1,1,20250520,27,32,2500.0
A01002,229,15,5,20250825,23,31,3500.0
A00691,125,12,2,20250616,2,11,5000.0
A01310,48,10,2,20251113,17,20,3000.0
